1,166.00,79400023440,03
2,929.00,79304212030,06
3,246.00,79311214302,06
4,510.00,79244312401,06
5,32.00,79304404344,06
6,431.00,79233432013,06
7,452.00,79014424440,03
8,96.00,79340424321,06
9,537.00,79342342410,06
10,263.00,79202411430,06
11,577.00,79224323403,06
12,749.00,79000414040,06
13,220.00,79113201240,06
14,923.00,79221200442,06
15,922.00,79400131211,06
16,27.00,79340000020,03
17,562.00,79023100041,06
18,863.00,79103031402,03
19,715.00,79030214324,06
20,48.00,79231014110,03
21,322.00,79344201424,06
22,296.00,79032203033,03
23,829.00,79120032034,06
24,659.00,79230120233,06
25,133.00,79221404140,03
26,358.00,79301140214,06
27,376.00,79133440141,06
28,266.00,79101133421,03
29,307.00,79122343143,06
30,3.00,79133040123,11
31,275.00,79404200101,03
32,293.00,79123304142,06
33,465.00,79342402304,03
34,939.00,79203333043,11
35,813.00,79220030222,11
36,43.00,79031322340,06
37,19.00,79433031312,06
39,8.00,79033323200,03
40,509.00,79434224131,11
41,816.00,79012332314,11
42,415.00,79023212011,06
43,288.00,79401220430,03
44,518.00,79301001041,06
45,314.00,79033411413,06
46,335.00,79333323112,11
47,891.00,79423431420,06
48,274.00,79130414031,06
49,103.00,79222031004,06
50,166.00,79140111303,03
51,813.00,79021124231,06
52,152.00,79223421120,06
53,448.00,79110434220,06
54,344.00,79322144110,06
55,226.00,79143334214,11
56,702.00,79112434204,06
57,638.00,79333131303,11
58,577.00,79141024341,06
59,153.00,79311221013,03
60,233.00,79434210422,06
61,366.00,79210334002,03
62,317.00,79402303300,06
63,413.00,79110340130,06
64,533.00,79112021231,06
65,524.00,79131142200,06
66,986.00,79040114323,06
67,406.00,79234231012,06
68,260.00,79334242432,06
69,298.00,79142303314,06
70,910.00,79241230021,06
71,657.00,79233403203,06
72,399.00,79220424244,03
73,929.00,79044331223,06
74,63.00,79304320320,06
76,691.00,79030411424,03
77,281.00,79142141330,06
78,106.00,79211244141,06
79,801.00,79013031002,03
80,508.00,79004143120,06
81,911.00,79431143142,06
82,708.00,79301112310,03
83,89.00,79420401404,06
84,91.00,79200114213,06
85,92.00,79232402142,06
86,654.00,79320312300,06
87,652.00,79210411440,06
88,157.00,79143202344,03
89,839.00,79032023230,11
90,115.00,79043221203,11
91,934.00,79132403332,03
92,961.00,79103242033,03
93,354.00,79104101100,03
94,604.00,79430344241,06
95,446.00,79444423412,06
96,688.00,79014000033,06
97,546.00,79113442333,06
98,735.00,79434204334,03
99,510.00,79041043212,06
100,123.00,79101342242,06
101,734.00,79230432031,06
102,446.00,79232002211,06
103,903.00,79213012401,06
104,982.00,79341014213,06
105,845.00,79200222211,06
106,428.00,79431033313,03
107,722.00,79133244444,03
108,975.00,79230132242,03
109,649.00,79440332140,11
110,417.00,79100332240,06
111,487.00,79233321410,06
112,767.00,79000042101,06
113,984.00,79210230030,03
114,298.00,79342422412,03
115,951.00,79240211242,03
116,394.00,79133124031,06
117,58.00,79144041110,06
118,973.00,79443404203,03
119,687.00,79001311044,06
120,553.00,79024222032,06
121,289.00,79144342203,03
122,309.00,79113020204,06
123,521.00,79042112301,03
124,398.00,79222043003,11
125,73.00,79000111021,06
126,80.00,79204043310,06
127,718.00,79300132024,03
128,591.00,79033341232,06
129,213.00,79411022121,11
131,349.00,79104343410,03
132,303.00,79341322403,03
133,196.00,79201303130,06
134,684.00,79112234132,06
135,876.00,79412033104,06
136,476.00,79322421423,06
38,320.00,79000223103,03
137,852.00,79313214001,06
138,275.00,79121021041,06
139,91.00,79030304044,11
140,278.00,79304432411,03
141,41.00,79101322301,03
142,684.00,79323434332,06
143,16.00,79403424320,06
144,418.00,79323003432,11
145,899.00,79323002123,03
146,310.00,79441224414,06
147,476.00,79304443200,11
148,111.00,79311200431,11
149,707.00,79301330201,06
150,746.00,79412431222,03
151,773.00,79101010323,03
152,608.00,79314320301,03
153,337.00,79041344342,06
154,953.00,79123334122,06
155,511.00,79341123432,06
156,360.00,79204100313,06
157,538.00,79020123233,11
158,883.00,79304232041,06
159,64.00,79212121131,06
160,661.00,79120303221,03
161,70.00,79022141401,06
163,828.00,79331413121,06
164,281.00,79313434132,06
165,66.00,79400121022,06
167,555.00,79104203101,06
168,444.00,79114201341,03
169,800.00,79013304023,06
170,151.00,79011244132,06
171,868.00,79142411413,06
172,887.00,79410240200,11
173,874.00,79214123103,06
174,479.00,79111222330,06
175,497.00,79202342123,06
176,152.00,79330234030,06
177,630.00,79044100424,03
178,455.00,79422302244,11
179,385.00,79132443232,06
180,885.00,79143200403,03
181,422.00,79432342341,03
182,658.00,79100404230,06
183,291.00,79002014323,06
184,126.00,79422403402,06
185,631.00,79120322322,03
186,702.00,79210133243,06
187,763.00,79421003411,06
188,89.00,79240434413,03
189,812.00,79342104004,06
190,129.00,79412033043,06
191,176.00,79021444310,03
192,535.00,79043020423,06
193,139.00,79220001404,06
194,581.00,79112101221,06
195,212.00,79223112130,06
196,887.00,79344242304,11
197,7.00,79044301303,06
198,985.00,79011214130,06
199,297.00,79000410233,06
200,581.00,79003434443,03
201,782.00,79334131044,06
202,530.00,79021423010,06
203,19.00,79141303424,06
204,701.00,79010134012,06
205,879.00,79230444014,06
206,172.00,79121224121,06
207,655.00,79013133033,03
208,695.00,79300142343,06
209,428.00,79322110042,03
210,477.00,79314203143,06
211,244.00,79213213213,06
213,843.00,79302202342,03
214,938.00,79242312002,06
215,626.00,79313233112,06
216,263.00,79134141023,11
217,659.00,79131324142,11
218,589.00,79102011414,06
219,60.00,79110320320,03
220,805.00,79102232341,03
221,908.00,79003032204,11
222,383.00,79432410211,06
223,512.00,79421342333,03
224,900.00,79010430423,03
225,408.00,79132331000,03
226,314.00,79121403122,06
227,604.00,79120432221,03
228,439.00,79410320133,03
229,655.00,79201424104,06
230,207.00,79322432333,03
231,821.00,79102322032,03
232,623.00,79103204124,06
233,492.00,79443021123,11
234,2.00,79022322314,06
235,812.00,79440424340,06
236,796.00,79342141314,06
237,469.00,79023403441,06
238,484.00,79320300210,11
239,534.00,79114323401,11
240,948.00,79022232021,11
241,268.00,79040212031,11
242,547.00,79031131122,06
243,793.00,79212341203,03
244,123.00,79342421222,06
245,484.00,79011130344,11
246,576.00,79134431231,03
247,697.00,79010002330,06
248,165.00,79142144432,06
249,930.00,79124344001,03
250,117.00,79412042330,06
251,985.00,79243301422,06
252,365.00,79444241110,06
253,115.00,79033334304,06
254,327.00,79031233231,06
255,948.00,79334033404,06
256,273.00,79322331140,06
257,610.00,79033100044,03
258,892.00,79000012413,03
259,377.00,79301010220,03
260,202.00,79044044012,03
261,435.00,79114020413,06
262,210.00,79401410103,06
263,221.00,79303020420,03
264,880.00,79312403244,03
265,468.00,79143341242,06
266,48.00,79402234114,06
268,635.00,79414102341,03
269,379.00,79310034433,03
270,62.00,79431323244,06
271,324.00,79221330444,11
272,379.00,79414023033,06
273,332.00,79303431030,03
274,576.00,79440330332,11
275,349.00,79233213312,03
276,408.00,79310421213,06
277,585.00,79014242131,06
278,547.00,79042311000,11
279,500.00,79200333203,06
280,664.00,79423030131,11
281,-3.00,79321303003,06
282,728.00,79412200144,03
283,298.00,79214421413,06
284,864.00,79101111212,06
285,957.00,79310332030,06
286,156.00,79420022002,06
287,967.00,79433422113,03
288,642.00,79104221004,06
289,35.00,79223004004,06
290,794.00,79403322023,06
291,273.00,79020333343,06
292,271.00,79044310240,06
293,25.00,79121400102,06
294,389.00,79342401300,06
295,247.00,79121011414,06
296,431.00,79243301020,03
297,730.00,79122041144,03
298,532.00,79320223303,06
299,92.00,79422001314,03
300,933.00,79241420211,03
301,100.00,79020323242,11
302,632.00,79130142330,06
303,418.00,79211013002,06
304,474.00,79100332234,11
305,399.00,79404414103,06
306,695.00,79404114302,06
307,213.00,79233021230,03
308,292.00,79410303430,11
309,894.00,79440232221,03
310,597.00,79442433413,03
311,498.00,79103402023,06
312,247.00,79001023223,06
313,248.00,79232200043,11
314,619.00,79331020301,11
315,208.00,79342221401,06
316,41.00,79124223021,06
317,401.00,79243202224,06
318,387.00,79410332221,11
319,-7.00,79133124421,06
320,138.00,79042131230,06
321,427.00,79343032120,03
322,746.00,79110230100,11
323,395.00,79202031142,06
324,593.00,79123442422,03
325,740.00,79242404321,06
326,625.00,79322110421,03
327,69.00,79214430400,06
328,619.00,79331001122,03
330,923.00,79342411014,06
331,342.00,79320144420,06
332,712.00,79003002113,06
333,527.00,79232041413,03
334,706.00,79431132014,03
335,595.00,79441341002,06
336,232.00,79411103014,11
337,816.00,79010024344,06
338,483.00,79144222420,03
339,96.00,79012111120,11
341,885.00,79021302103,06
342,581.00,79132203344,03
344,-4.00,79322033202,06
345,10.00,79432320024,06
346,639.00,79114322301,03
347,700.00,79141134100,03
348,667.00,79404242114,11
349,714.00,79412323344,11
350,388.00,79012304340,06
351,412.00,79204420112,03
353,943.00,79102442400,06
354,961.00,79412102433,06
355,869.00,79410413413,03
356,51.00,79234214234,11
357,690.00,79112023044,03
358,779.00,79421042332,03
359,873.00,79123114131,06
360,322.00,79034040223,03
361,680.00,79333340042,03
362,249.00,79211013422,03
363,948.00,79102321141,03
364,309.00,79422133403,03
366,127.00,79202421340,06
367,295.00,79000320204,06
368,807.00,79114023311,06
370,288.00,79122004442,03
371,517.00,79011442234,03
372,141.00,79044103112,11
373,461.00,79333123210,06
374,101.00,79013200034,06
375,895.00,79100413022,03
376,568.00,79342224431,03
377,398.00,79040344044,03
378,519.00,79042244214,06
379,656.00,79021010013,03
380,861.00,79142014001,06
381,82.00,79422020341,06
382,823.00,79424134110,06
383,814.00,79321122112,06
384,273.00,79022423434,06
385,47.00,79403123330,06
386,48.00,79221022103,06
387,325.00,79422200240,03
388,320.00,79423233320,03
389,11.00,79020231023,03
390,717.00,79334132343,06
391,134.00,79021111132,11
392,-9.00,79400142200,06
393,831.00,79301032414,06
394,696.00,79444042232,06
395,179.00,79100102311,03
396,244.00,79432422104,11
397,962.00,79013303102,06
398,823.00,79221304021,03
399,802.00,79104142242,11
400,618.00,79410301123,11
401,226.00,79242300000,06
402,797.00,79034003033,03
403,387.00,79110222321,06
404,455.00,79202301102,06
405,641.00,79004434224,06
406,39.00,79013430300,03
407,366.00,79013014331,03
408,495.00,79222244124,11
343,347.00,79102211232,03
365,187.00,79342132334,06
329,561.00,79402421314,06
409,127.00,79211322241,06
410,12.00,79010000224,06
411,229.00,79410141101,06
412,993.00,79124344110,06
413,861.00,79221223330,06
414,684.00,79442411104,06
415,645.00,79341402434,06
416,941.00,79023224434,03
417,273.00,79312424213,06
418,552.00,79132424022,06
419,825.00,79442422133,06
420,310.00,79023213314,03
421,331.00,79201222031,03
422,717.00,79103301402,06
423,126.00,79213042411,06
424,457.00,79444201330,06
425,684.00,79322124244,06
426,30.00,79140111030,03
427,854.00,79042341403,11
428,720.00,79134330144,06
429,838.00,79244314413,03
430,435.00,79234402102,06
431,406.00,79101432212,06
432,925.00,79202443012,06
433,353.00,79412404022,06
434,255.00,79333034430,06
435,242.00,79112041210,03
436,790.00,79204424212,03
437,709.00,79312102033,11
438,476.00,79323112332,03
439,318.00,79142124122,06
440,360.00,79100313333,06
441,356.00,79010312133,03
442,971.00,79223343000,06
443,596.00,79121340043,06
444,608.00,79322110214,06
445,114.00,79413413100,06
446,200.00,79222123003,11
447,562.00,79203322020,06
448,447.00,79132032210,03
449,711.00,79412411211,06
450,670.00,79211221041,11
451,533.00,79441033413,03
452,834.00,79242441142,06
453,217.00,79202221114,06
454,148.00,79000441304,06
455,61.00,79020010323,06
456,711.00,79144001341,06
457,52.00,79210104112,06
458,215.00,79021103141,06
460,742.00,79123312041,03
461,296.00,79340013030,06
462,902.00,79132433100,06
463,413.00,79031322441,06
464,-9.00,79042402114,06
465,45.00,79321402001,06
466,792.00,79100434412,03
467,754.00,79032343040,06
468,195.00,79232232020,03
469,77.00,79224441142,06
470,740.00,79214124432,11
471,570.00,79002400440,06
472,465.00,79222143012,06
473,917.00,79221100223,06
474,640.00,79330404114,06
475,507.00,79331124044,06
476,305.00,79021444443,06
477,222.00,79222021131,03
478,284.00,79014012040,06
479,278.00,79243133322,06
480,95.00,79401011410,06
481,880.00,79330312020,06
482,311.00,79413131331,06
483,849.00,79442013422,06
484,193.00,79121203441,06
485,809.00,79311131311,11
486,330.00,79424433442,06
488,96.00,79442412310,03
489,422.00,79110240332,06
490,324.00,79002324000,06
491,801.00,79324421244,06
492,792.00,79311331232,03
493,767.00,79042330413,06
494,633.00,79214414444,03
495,678.00,79334344002,06
496,47.00,79432122410,06
497,914.00,79012221324,06
499,873.00,79212310320,06
500,988.00,79344101102,06
501,326.00,79320242133,06
502,506.00,79423100033,03
503,695.00,79002131310,06
504,557.00,79421342410,03
505,413.00,79432421044,06
506,518.00,79302444124,06
507,11.00,79142232244,11
508,-6.00,79431122412,06
510,642.00,79210321000,06
511,994.00,79322412201,06
512,971.00,79434014321,03
513,572.00,79443211102,06
514,77.00,79442403241,06
515,746.00,79203410313,06
516,835.00,79323240134,11
517,908.00,79200402320,06
518,516.00,79411231301,06
519,567.00,79010401002,06
520,681.00,79341411013,03
521,321.00,79343340432,06
522,504.00,79041341143,11
523,356.00,79444041214,06
524,539.00,79141440012,06
525,95.00,79124432223,11
526,584.00,79310223410,11
527,408.00,79004034210,03
528,459.00,79040301143,06
529,700.00,79304132333,03
530,771.00,79112304330,03
531,842.00,79131430242,06
532,392.00,79201321120,06
533,904.00,79101414431,06
534,576.00,79423442013,11
535,257.00,79430002422,06
536,325.00,79302402424,06
538,665.00,79232443032,06
539,649.00,79411422401,06
540,717.00,79401133130,06
541,373.00,79431421133,06
543,662.00,79102002214,06
544,500.00,79042224010,06
537,319.00,79332201031,06
545,101.00,79203322202,03
546,448.00,79142221334,11
547,53.00,79044334402,11
548,378.00,79323212123,06
549,636.00,79200112432,06
550,697.00,79133323222,06
551,57.00,79133430023,06
552,987.00,79224442403,06
553,526.00,79103202244,06
554,70.00,79112404134,06
555,749.00,79040211410,03
556,879.00,79321302214,11
557,951.00,79230010142,06
558,592.00,79413103024,06
559,47.00,79210113314,11
560,871.00,79223311132,06
562,396.00,79104401004,06
563,323.00,79212103342,06
564,707.00,79220214011,11
565,578.00,79040221400,11
566,223.00,79203021123,06
567,81.00,79232003242,03
568,461.00,79034010330,03
569,377.00,79111420342,11
570,964.00,79323210130,06
571,948.00,79414232442,03
572,808.00,79011302020,06
573,186.00,79214243432,06
574,546.00,79302044444,03
575,41.00,79332011143,06
576,422.00,79041142024,06
579,289.00,79223043214,06
580,141.00,79343040333,06
581,396.00,79323120001,06
582,371.00,79023132240,03
583,844.00,79342312112,06
584,598.00,79411410134,06
585,293.00,79022044123,06
586,821.00,79321320431,03
587,388.00,79221302020,06
588,298.00,79014403334,06
589,144.00,79011444332,06
590,70.00,79204041412,06
591,244.00,79312111130,03
592,14.00,79311421412,06
593,804.00,79232101133,06
594,986.00,79010303413,11
595,904.00,79212142132,11
596,101.00,79443312110,06
597,666.00,79114422414,03
598,580.00,79232232430,06
599,734.00,79013020343,06
600,619.00,79024141410,11
601,124.00,79404121204,06
602,159.00,79241322410,11
603,908.00,79244203002,03
604,212.00,79423104030,06
605,639.00,79434324311,03
606,131.00,79021123331,03
607,343.00,79013210130,03
608,166.00,79141431143,03
609,304.00,79034102431,03
610,70.00,79403314002,03
611,714.00,79414202300,06
612,1.00,79142012440,06
613,488.00,79220233302,06
614,109.00,79111344121,06
615,513.00,79441013142,11
616,682.00,79032402213,11
617,324.00,79422213413,03
618,590.00,79203230210,11
619,-9.00,79423412321,06
620,589.00,79320144310,11
621,582.00,79322221321,06
622,172.00,79333003001,06
623,44.00,79213310131,06
624,948.00,79312121412,06
625,91.00,79212201202,11
626,785.00,79101031102,06
627,395.00,79032330222,06
628,284.00,79133110210,11
629,483.00,79420202030,11
630,918.00,79020123004,03
632,871.00,79043120032,06
633,678.00,79201233010,06
634,154.00,79423331012,06
635,450.00,79331334340,03
636,527.00,79110230120,11
637,536.00,79340030132,03
638,800.00,79011341412,06
639,617.00,79344032331,03
640,685.00,79000333411,06
641,344.00,79411014043,06
642,536.00,79144340400,06
643,975.00,79103234420,03
644,954.00,79110130421,06
645,181.00,79010010031,03
646,843.00,79341102400,03
647,371.00,79324343432,06
648,282.00,79442143100,06
649,462.00,79431444310,03
650,450.00,79100001033,03
651,401.00,79014242423,11
652,49.00,79401403044,06
653,652.00,79131120311,06
654,675.00,79134433134,06
655,89.00,79020424443,03
656,13.00,79001443234,06
657,14.00,79032331432,06
658,437.00,79414432201,03
659,254.00,79214221233,11
660,174.00,79343303330,06
661,709.00,79401132302,06
662,930.00,79304303340,03
663,693.00,79210220034,11
664,61.00,79303141010,06
665,749.00,79400023042,06
666,210.00,79302312101,03
667,766.00,79303030321,06
668,654.00,79042430301,06
669,110.00,79430002324,06
670,249.00,79101100022,06
671,172.00,79444330441,06
672,124.00,79320202124,06
673,175.00,79440024131,06
674,417.00,79103432123,06
675,834.00,79312121344,03
676,138.00,79340021302,06
677,661.00,79101301102,03
678,129.00,79441243222,06
679,676.00,79414100441,03
680,594.00,79042412211,06
578,320.00,79000040012,06
681,843.00,79041203232,03
682,147.00,79421210243,03
683,593.00,79304212224,11
684,523.00,79020344011,06
685,688.00,79113203344,03
686,540.00,79202031001,06
687,281.00,79302422331,06
688,936.00,79002314002,03
689,665.00,79123221240,03
690,472.00,79022303243,06
691,454.00,79030441440,06
693,757.00,79024442030,06
694,894.00,79310203200,03
695,820.00,79124424344,06
696,198.00,79211112012,11
697,568.00,79130300234,06
698,709.00,79413021323,06
699,878.00,79024440343,06
700,702.00,79032133031,03
701,587.00,79244304013,06
702,862.00,79424213203,06
703,417.00,79323431133,03
704,132.00,79211313032,03
705,503.00,79020412030,03
706,792.00,79131413314,03
707,983.00,79020144231,11
708,509.00,79231324341,06
710,588.00,79334123440,06
711,711.00,79413140301,03
712,432.00,79211022011,06
713,464.00,79230110323,11
714,876.00,79043211221,06
715,46.00,79330430000,06
716,978.00,79101201314,03
717,253.00,79023304400,11
718,713.00,79024142334,06
719,111.00,79331314412,06
720,602.00,79343002333,06
721,761.00,79424120100,06
722,544.00,79112132300,11
723,810.00,79443234104,06
724,604.00,79213431101,06
725,387.00,79430233004,11
726,753.00,79404224043,03
727,693.00,79321411011,11
728,540.00,79144242330,06
729,628.00,79103313012,03
730,185.00,79204122400,06
731,836.00,79311203120,06
732,793.00,79343333404,06
733,305.00,79412001202,03
734,294.00,79231021013,03
735,333.00,79212243404,11
736,128.00,79112340204,03
737,569.00,79122444212,03
738,453.00,79131143303,06
739,35.00,79421243442,06
740,952.00,79122234213,06
741,531.00,79223243424,06
742,110.00,79101240043,06
743,502.00,79133002343,11
744,974.00,79023431321,03
746,924.00,79003243431,03
747,458.00,79433403142,06
748,275.00,79313301030,06
749,961.00,79044214412,06
750,232.00,79130413001,06
751,292.00,79103343334,06
752,602.00,79423210314,03
753,404.00,79233043323,06
754,181.00,79034120233,03
755,41.00,79031442410,06
756,362.00,79343102100,06
757,680.00,79231224410,03
758,257.00,79423140442,03
759,876.00,79344010433,06
760,62.00,79122332422,03
761,696.00,79421231040,11
762,150.00,79112102410,11
763,197.00,79421341112,06
764,741.00,79011312110,06
765,496.00,79100113031,06
766,799.00,79222443234,03
767,402.00,79231400402,06
768,487.00,79430424334,06
770,741.00,79043431424,06
771,62.00,79201312130,06
772,856.00,79310023242,11
773,736.00,79344311043,03
774,777.00,79021301034,06
775,828.00,79321040002,03
776,599.00,79200201442,11
777,763.00,79202411340,06
778,122.00,79112413032,03
779,15.00,79013112412,06
780,478.00,79314102322,06
781,540.00,79434310023,03
782,969.00,79403344320,11
783,770.00,79134100413,06
784,728.00,79121103014,11
785,499.00,79043114223,06
786,321.00,79241024401,03
787,159.00,79213140341,06
788,336.00,79004421130,03
789,574.00,79010100421,06
790,387.00,79404302141,06
791,405.00,79243100113,11
792,168.00,79403202233,06
793,875.00,79241034404,03
794,351.00,79143304143,11
795,802.00,79114413403,03
796,305.00,79004044430,11
797,987.00,79222404133,03
798,453.00,79120201121,06
799,445.00,79031110430,03
800,563.00,79012120314,11
801,946.00,79223231343,06
802,579.00,79034232400,11
803,147.00,79433114121,03
804,95.00,79312113112,06
806,19.00,79243412030,06
807,315.00,79400200432,03
808,398.00,79044411431,03
809,290.00,79444341112,11
810,742.00,79343111034,03
812,440.00,79200330222,06
813,145.00,79302303342,11
814,167.00,79431430304,03
815,716.00,79330311322,06
816,393.00,79040240310,11
692,291.00,79313022142,03
817,988.00,79220001142,06
818,844.00,79002211003,06
819,566.00,79312131312,06
820,550.00,79032103441,11
821,926.00,79023330120,11
822,935.00,79101111131,06
823,206.00,79430013302,06
824,658.00,79043241332,11
825,655.00,79122444044,11
826,995.00,79404110441,03
827,247.00,79344242310,03
828,255.00,79214243431,06
829,824.00,79120302313,03
830,114.00,79033244030,06
831,642.00,79341104143,06
832,378.00,79144004342,03
833,63.00,79320020023,06
834,949.00,79201313340,06
835,51.00,79230342032,06
836,844.00,79201332003,06
837,841.00,79313324141,06
838,791.00,79144134220,11
839,298.00,79113141044,11
840,662.00,79110110103,06
841,857.00,79001432133,03
842,-4.00,79402141301,03
844,259.00,79024312412,03
845,233.00,79322012304,11
846,462.00,79042021311,03
847,513.00,79040431343,06
849,934.00,79231033030,11
850,634.00,79331320241,06
851,573.00,79002220041,06
852,695.00,79102010143,03
853,550.00,79044232213,11
854,949.00,79341441322,11
855,136.00,79022300421,06
856,888.00,79444123004,06
857,242.00,79420232424,06
859,841.00,79040234041,06
860,857.00,79131023441,11
861,155.00,79321142323,03
862,12.00,79220233004,06
863,937.00,79123232102,03
864,566.00,79303221140,03
865,814.00,79203411200,06
866,409.00,79232300434,11
867,316.00,79044300222,06
868,430.00,79334122114,06
869,892.00,79443404301,03
870,751.00,79003013124,06
871,729.00,79321244230,11
872,510.00,79332431414,03
874,305.00,79313314131,11
875,320.00,79131124040,11
876,844.00,79230203213,03
877,302.00,79313413331,03
878,180.00,79040123400,06
879,300.00,79342041323,06
880,470.00,79331102234,11
881,282.00,79222233133,06
882,277.00,79400224004,06
883,578.00,79144334332,06
884,405.00,79043233244,06
885,-4.00,79103140434,03
886,256.00,79244300444,03
887,261.00,79243243002,06
888,143.00,79310002033,03
889,470.00,79020334314,03
890,373.00,79400404220,03
891,839.00,79013031420,06
892,748.00,79244303134,03
893,899.00,79030010132,03
894,671.00,79441324433,06
895,510.00,79423111330,06
896,895.00,79040324114,06
897,108.00,79210232241,06
898,179.00,79001423311,03
899,940.00,79031134432,03
900,807.00,79311321024,11
901,3.00,79012040442,03
902,190.00,79020134323,03
903,774.00,79424123033,11
904,419.00,79044122114,11
905,481.00,79424031240,03
906,93.00,79310200021,06
907,437.00,79302334024,03
908,436.00,79400230301,06
909,490.00,79201123011,06
910,537.00,79334013142,06
911,785.00,79004230201,06
912,606.00,79014241241,03
913,461.00,79003223321,06
914,268.00,79121422314,11
915,913.00,79131102311,06
916,432.00,79101434234,03
917,341.00,79342012243,06
918,469.00,79040134032,06
919,725.00,79444330013,03
920,114.00,79402124332,11
921,905.00,79131032240,11
922,402.00,79111440302,06
923,436.00,79034443321,03
924,926.00,79120012134,03
925,302.00,79243103100,03
926,304.00,79034223122,03
927,348.00,79124211001,06
929,645.00,79021414044,06
930,589.00,79221234143,06
931,615.00,79301023303,11
932,156.00,79044413412,03
933,290.00,79133443441,03
934,475.00,79114404243,11
935,698.00,79334040234,06
936,739.00,79340133144,06
937,990.00,79433014121,03
938,89.00,79420031300,06
939,614.00,79310123111,03
940,743.00,79421424103,06
941,875.00,79320444131,06
942,286.00,79011010321,11
943,372.00,79311113114,06
944,574.00,79332311140,03
945,187.00,79121442340,03
946,836.00,79232110434,06
947,519.00,79323321401,06
948,37.00,79014132010,11
949,218.00,79322401304,06
950,832.00,79343312301,06
951,22.00,79232312322,03
952,342.00,79240402421,03
953,798.00,79112002433,06
954,226.00,79234241442,06
955,459.00,79201402310,06
956,382.00,79434123104,11
957,777.00,79320400122,06
958,562.00,79334223440,06
960,334.00,79341314320,06
961,659.00,79013022404,03
962,997.00,79040444010,06
963,744.00,79020333200,11
964,218.00,79323202024,03
965,395.00,79210034034,03
966,915.00,79231111221,03
967,151.00,79023222210,06
968,199.00,79102410414,06
969,468.00,79104301312,06
971,909.00,79333312313,11
972,976.00,79400000122,06
973,757.00,79410202321,06
974,124.00,79123120003,03
975,128.00,79441140431,06
976,895.00,79300124121,06
977,758.00,79122313332,03
978,241.00,79224122422,06
979,187.00,79410123340,11
980,265.00,79343014341,06
981,862.00,79112433131,03
982,818.00,79104231040,06
983,453.00,79431321124,03
984,236.00,79010422340,11
985,352.00,79412201332,11
986,668.00,79232034432,03
987,648.00,79404300344,03
988,427.00,79014243221,03
989,817.00,79311023132,06
990,819.00,79302141031,06
991,189.00,79120330001,03
992,25.00,79444203123,06
993,969.00,79402042413,06
994,740.00,79402442401,06
995,55.00,79111011421,11
996,819.00,79230042130,06
997,609.00,79433014444,03
998,827.00,79040203230,03
999,-4.00,79442012100,06
1001,233.00,79343230010,06
1002,427.00,79121122312,06
1003,769.00,79411130310,03
1004,49.00,79232401304,11
1005,144.00,79344234040,06
1006,72.00,79224242312,06
1008,564.00,79130324322,11
1009,445.00,79323441204,06
1010,701.00,79333304033,06
1011,436.00,79424310122,03
1012,401.00,79403224021,06
1013,325.00,79232114322,06
1014,583.00,79412140404,06
1015,49.00,79322103002,03
1016,414.00,79130134431,06
1017,211.00,79210231221,03
1018,407.00,79240411201,03
1019,728.00,79210321100,06
1020,805.00,79020114102,06
1021,229.00,79032344004,03
1022,308.00,79110413211,11
1023,874.00,79014312213,03
1024,106.00,79123133043,11
1025,114.00,79210332044,06
1026,85.00,79404401344,11
1027,986.00,79102011221,03
1028,515.00,79401440434,06
1029,777.00,79004101124,11
1030,96.00,79332024213,11
1031,229.00,79340302320,03
1032,950.00,79330043342,11
1033,629.00,79323400443,03
1034,516.00,79223020243,11
1035,210.00,79022232204,03
1036,987.00,79102412000,11
1037,294.00,79112031002,06
1038,949.00,79341314121,06
1039,988.00,79143120312,03
1040,40.00,79214134243,06
1041,335.00,79042143422,06
1042,148.00,79433301022,06
1043,285.00,79440313312,06
1044,535.00,79033402433,03
1045,23.00,79400344021,06
1047,276.00,79412413201,06
1048,178.00,79322104441,06
1049,843.00,79344010440,06
1050,173.00,79113142210,03
1051,624.00,79124240342,06
1052,994.00,79444304310,03
1053,553.00,79323340132,03
1054,753.00,79433302022,11
1055,181.00,79323033402,11
1056,940.00,79442013121,06
1057,499.00,79033202444,06
1058,443.00,79220142031,06
1059,115.00,79234324044,03
1060,832.00,79012034234,06
1061,-4.00,79214423243,06
1062,215.00,79404214420,11
1063,510.00,79210223233,06
1064,-3.00,79210332112,06
1065,962.00,79314303314,03
1066,436.00,79314440300,06
1067,907.00,79401340222,11
1068,10.00,79013444422,06
1069,744.00,79010000301,03
1070,960.00,79432300424,06
1071,351.00,79200134233,03
1072,394.00,79231234412,06
1073,334.00,79404103034,06
1074,315.00,79404114124,11
1075,128.00,79420002311,11
1076,490.00,79404422100,06
1077,284.00,79214242440,03
1078,572.00,79112121034,03
1079,20.00,79203034431,03
1080,393.00,79332400234,03
1081,930.00,79012331041,06
1082,248.00,79323412441,06
1083,896.00,79412323023,11
1084,802.00,79114230344,06
1085,693.00,79314401112,03
1086,940.00,79202041132,06
1087,61.00,79201222322,03
1088,418.00,79304221420,06
1046,125.00,79243442444,11
1007,200.00,79310412224,03
1089,224.00,79031241233,06
1090,960.00,79434031432,06
1091,996.00,79010220332,11
1092,417.00,79322320344,06
1093,8.00,79141030432,03
1094,949.00,79234034000,06
1095,370.00,79002343011,11
1096,926.00,79434034334,03
1099,488.00,79121402412,06
1100,492.00,79224142331,06
1101,526.00,79013101444,03
1102,875.00,79003334231,03
1104,32.00,79221122334,11
1105,834.00,79322010201,06
1106,390.00,79331214031,11
1107,-8.00,79134323014,03
1108,208.00,79423421000,06
1109,142.00,79113213101,06
1110,87.00,79243424432,06
1111,461.00,79002333204,06
1112,626.00,79233223032,06
1113,823.00,79043341203,03
1114,898.00,79443434131,03
1115,56.00,79240312143,06
1116,795.00,79114413444,06
1117,424.00,79402310434,06
1118,423.00,79200300221,03
1119,579.00,79123301411,11
1120,23.00,79101341443,11
1121,873.00,79112123332,11
1122,621.00,79443410043,06
1123,889.00,79211404430,06
1124,295.00,79443304104,06
1125,580.00,79030441423,06
1126,602.00,79322301140,06
1127,126.00,79332103131,06
1128,244.00,79144442003,06
1129,298.00,79232034240,06
1130,340.00,79100230033,06
1131,89.00,79143000003,03
1132,777.00,79322422010,06
1133,29.00,79321433312,03
1134,308.00,79020212404,03
1135,673.00,79141040233,03
1136,367.00,79241001234,11
1137,486.00,79114042440,03
1138,690.00,79030030234,06
1139,728.00,79102103232,11
1140,653.00,79001000403,06
1141,784.00,79003314232,06
1142,970.00,79222212233,06
1143,25.00,79010334410,06
1144,960.00,79214213112,06
1145,292.00,79331411110,06
1146,899.00,79302431404,03
1147,332.00,79014324420,06
1148,746.00,79403241041,03
1149,822.00,79421244304,06
1150,976.00,79201143401,03
1151,874.00,79332043431,06
1152,116.00,79124232331,06
1153,155.00,79233240014,03
1154,218.00,79131120401,03
1155,953.00,79301314023,06
1156,5.00,79123421444,03
1157,676.00,79021113104,06
1158,356.00,79443231000,06
1159,676.00,79030430343,06
1160,788.00,79404340100,11
1161,531.00,79200240410,06
1162,16.00,79433033101,06
1163,611.00,79230443231,06
1165,258.00,79421431210,06
1166,55.00,79203420103,11
1167,113.00,79243020330,03
1168,316.00,79323003231,06
1170,707.00,79323200414,11
1171,824.00,79443423114,03
1172,336.00,79044133304,06
1173,636.00,79122123040,03
1174,492.00,79031040200,06
1175,367.00,79312111413,06
1176,142.00,79024444204,03
1177,815.00,79424312423,03
1178,454.00,79001041431,06
1179,694.00,79103012220,06
1180,117.00,79443120042,06
1181,982.00,79443201020,06
1182,249.00,79024044231,06
1183,888.00,79413333322,06
1184,348.00,79321404310,03
1185,156.00,79411324101,06
1186,334.00,79322214211,03
1187,201.00,79002341210,06
1188,622.00,79014114230,06
1189,922.00,79300100344,06
1190,878.00,79434002440,06
1191,129.00,79032234310,06
1192,646.00,79144444430,11
1193,863.00,79010144334,03
1194,320.00,79103342401,03
1195,370.00,79333001233,06
1196,478.00,79212243143,06
1197,501.00,79313441232,06
1198,228.00,79213123400,03
1199,507.00,79032043410,06
1200,669.00,79241224100,06
1201,755.00,79223424413,06
1202,867.00,79441320411,06
1203,372.00,79013331323,11
1204,709.00,79440213144,06
1205,341.00,79410043233,03
1206,704.00,79212203130,06
1207,548.00,79042032220,11
1208,393.00,79212101301,06
1209,390.00,79224204442,06
1210,708.00,79440101013,03
1211,469.00,79033323311,03
1213,927.00,79301333003,06
1214,531.00,79020440213,06
1215,582.00,79213041000,06
1216,982.00,79211111341,06
1217,389.00,79334434112,03
1218,710.00,79201441313,03
1219,518.00,79213113044,06
1220,655.00,79412234242,03
1221,446.00,79113011022,06
1222,717.00,79121232110,06
1223,573.00,79330410310,06
1224,628.00,79404311244,06
1225,887.00,79402232044,03
1226,166.00,79330444001,06
1227,470.00,79143033322,11
1228,613.00,79132020102,06
1229,754.00,79332314430,11
1230,331.00,79101021212,11
1232,361.00,79010021344,06
1233,672.00,79110303312,06
1234,710.00,79110134003,11
1235,49.00,79003020040,06
1236,588.00,79404441042,11
1239,740.00,79223003210,03
1240,739.00,79444112302,06
1241,408.00,79400414033,06
1242,254.00,79402404320,06
1243,276.00,79213010243,06
1244,298.00,79013202230,06
1245,245.00,79000034332,06
1246,952.00,79004404341,06
1248,180.00,79240141411,06
1249,572.00,79031011241,06
1250,402.00,79324431001,03
1251,973.00,79443444204,03
1252,325.00,79214233323,06
1253,966.00,79324440132,11
1254,919.00,79314104401,06
1255,196.00,79024312340,11
1256,26.00,79321222302,03
1257,797.00,79412224304,06
1258,960.00,79213041124,03
1259,638.00,79311012344,06
1260,924.00,79140440010,06
1261,753.00,79440314104,06
1262,927.00,79433343100,06
1263,721.00,79304223200,03
1264,136.00,79040342422,03
1265,783.00,79201443330,03
1266,559.00,79004121304,06
1267,437.00,79124431214,06
1268,433.00,79303331004,06
1269,92.00,79323143321,06
1270,456.00,79242122100,06
1271,905.00,79314201202,06
1272,32.00,79200140112,06
1273,93.00,79324324442,06
1274,673.00,79312131204,06
1275,970.00,79402023123,03
1276,174.00,79004322434,06
1277,456.00,79031231031,03
1278,245.00,79022130204,06
1279,978.00,79244004140,06
1280,138.00,79222221031,06
1281,984.00,79311103234,03
1282,862.00,79441321223,06
1283,725.00,79402023011,11
1284,185.00,79403322314,06
1285,889.00,79413303012,06
1286,791.00,79411310441,06
1287,294.00,79331321303,06
1288,401.00,79322430323,11
1289,688.00,79342143102,06
1290,841.00,79430022034,06
1291,241.00,79404414112,06
1292,147.00,79204141443,06
1293,436.00,79440220322,11
1294,92.00,79322431224,03
1295,449.00,79321042022,06
1296,429.00,79424032230,06
1297,514.00,79422142321,06
1298,291.00,79132442001,06
1299,484.00,79314022013,03
1300,545.00,79323202314,03
1301,767.00,79133442204,03
1302,735.00,79031144204,06
1303,64.00,79224204243,03
1304,611.00,79310031441,06
1305,760.00,79040341202,11
1306,677.00,79200131314,03
1307,924.00,79024042132,06
1308,251.00,79012411121,06
1309,194.00,79423303204,06
1310,689.00,79220444243,06
1311,558.00,79312014142,03
1312,687.00,79403012103,06
1313,391.00,79202402240,06
1314,674.00,79324102444,03
1315,498.00,79004444201,03
1316,766.00,79302110211,03
1317,206.00,79204433003,06
1318,419.00,79412312002,03
1319,764.00,79422421204,03
1320,373.00,79324012043,06
1322,384.00,79331202100,06
1323,979.00,79014044242,06
1324,973.00,79120312211,06
1325,52.00,79114220144,11
1326,453.00,79441404002,11
1327,757.00,79030004001,06
1328,776.00,79320230234,06
1330,838.00,79211023010,06
1331,698.00,79431031211,11
1332,0.00,79200324221,06
1333,339.00,79322011142,06
1334,513.00,79422300223,06
1335,245.00,79011333444,06
1336,704.00,79123314103,03
1337,821.00,79430143432,06
1338,530.00,79320022141,03
1339,185.00,79230403432,03
1340,207.00,79241023213,03
1341,205.00,79322134324,03
1342,947.00,79322204042,06
1343,388.00,79244321022,06
1344,524.00,79102130103,11
1345,5.00,79331422242,06
1346,413.00,79431210024,06
1347,293.00,79104130130,06
1348,962.00,79413414133,03
1349,486.00,79433341222,06
1350,913.00,79124430431,06
1351,866.00,79414220414,03
1352,383.00,79334221424,06
1353,116.00,79320413141,06
1355,370.00,79232200211,03
1356,67.00,79310301323,06
1357,148.00,79143413123,06
1358,388.00,79100112320,03
1359,878.00,79111224122,03
1360,667.00,79011343220,11
1237,106.50,79142034140,03
1247,453.00,79444341313,06
1361,839.00,79330204411,06
1363,454.00,79002441124,11
1364,507.00,79021340133,11
1365,930.00,79002333242,03
1366,749.00,79402211244,03
1367,600.00,79222114421,03
1368,35.00,79311304014,06
1369,398.00,79303234422,03
1370,937.00,79031400012,06
1371,845.00,79022340102,03
1372,677.00,79010441144,06
1373,875.00,79230304404,06
1374,376.00,79233043241,06
1375,169.00,79040211000,11
1376,373.00,79322144432,06
1377,801.00,79122433133,03
1378,596.00,79032001443,06
1379,336.00,79011211000,03
1380,554.00,79444114441,11
1381,493.00,79412211413,03
1382,426.00,79220021104,03
1383,74.00,79000000403,03
1384,856.00,79244020342,06
1385,851.00,79143314301,06
1386,691.00,79431142342,11
1387,821.00,79143332333,03
1388,466.00,79221221443,11
1389,381.00,79321034133,06
1390,53.00,79233404410,06
1391,939.00,79131140202,03
1392,741.00,79144232033,03
1393,816.00,79320202443,06
1394,596.00,79232221120,06
1395,990.00,79030413323,03
1396,803.00,79133414241,06
1397,211.00,79341124312,03
1398,811.00,79314131332,06
1399,665.00,79132104324,03
1400,538.00,79114413231,06
1401,829.00,79333013222,11
1402,55.00,79312131214,06
1403,448.00,79403003211,06
1404,173.00,79222431310,06
1405,252.00,79044411223,06
1406,408.00,79331324131,06
1407,105.00,79301412131,06
1409,709.00,79121031011,03
1410,503.00,79413140023,03
1411,548.00,79443423304,06
1412,256.00,79444420022,06
1413,557.00,79004011403,06
1414,728.00,79212120212,06
1415,16.00,79111331030,06
1416,74.00,79243401014,03
1417,-5.00,79122441244,06
1418,189.00,79202403330,11
1419,243.00,79002242042,03
1420,790.00,79301121410,03
1421,231.00,79031142200,06
1422,484.00,79422100024,03
1423,950.00,79423031003,06
1424,608.00,79340300120,11
1425,550.00,79204113113,06
1426,37.00,79401144040,06
1427,491.00,79242414341,06
1428,477.00,79311204422,06
1429,256.00,79020114124,06
1430,411.00,79313302000,06
1431,-4.00,79343404130,06
1432,290.00,79204002340,06
1433,345.00,79104312440,06
1434,497.00,79042213314,06
1436,162.00,79320220422,06
1437,363.00,79242123431,06
1438,144.00,79312220344,11
1439,100.00,79014404002,06
1440,751.00,79002320443,06
1441,286.00,79000322134,06
1442,657.00,79141021112,03
1443,93.00,79404333121,03
1444,950.00,79321442434,06
1445,600.00,79320244113,11
1446,174.00,79014403312,06
1447,623.00,79321344424,06
1448,144.00,79133112224,03
1449,394.00,79143322124,03
1450,613.00,79202232202,11
1451,512.00,79312441122,06
1453,383.00,79000314400,06
1454,503.00,79320141133,06
1455,582.00,79423022410,11
1458,309.00,79222134100,06
1459,867.00,79042403120,03
1460,101.00,79131411100,06
1461,211.00,79341024203,03
1463,290.00,79311041100,03
1464,75.00,79324422432,06
1465,699.00,79304231131,06
1466,486.00,79434404243,03
1467,158.00,79003310142,11
1468,495.00,79241123304,11
1469,-4.00,79244403300,06
1470,530.00,79201101343,03
1471,838.00,79101044102,06
1472,218.00,79342331203,06
1473,257.00,79322001333,03
1474,845.00,79433012444,06
1475,562.00,79212401121,06
1476,168.00,79042040240,03
1477,961.00,79212442322,06
1478,788.00,79322121314,06
1479,916.00,79332111012,06
1480,387.00,79000104433,03
1481,136.00,79004332314,06
1482,381.00,79204033141,06
1483,140.00,79112301131,03
1484,911.00,79044343400,03
1485,372.00,79103200021,06
1486,553.00,79101241001,06
1488,705.00,79120222232,06
1489,755.00,79422101332,06
1490,367.00,79111132330,11
1491,727.00,79122030024,06
1492,877.00,79001303240,03
1493,394.00,79020004011,06
1494,409.00,79124404100,06
1495,166.00,79312414331,03
1496,881.00,79331140411,11
1452,-150.00,79241003332,03
1457,285.00,79041412200,03
1497,923.00,79211312411,11
1498,844.00,79312233012,03
1499,158.00,79211240031,06
1500,350.00,79330403224,03
1501,141.00,79324243332,06
1502,913.00,79124032414,03
1503,461.00,79021431320,03
1504,95.00,79001344121,06
1505,8.00,79333331343,11
1506,774.00,79102342021,06
1507,80.00,79042142221,11
1508,58.00,79324204241,03
1509,645.00,79444242443,06
1510,226.00,79111011444,06
1511,479.00,79434332312,06
1512,578.00,79102334433,06
1513,347.00,79000034334,06
1514,118.00,79332344444,06
1515,187.00,79142433341,06
1516,934.00,79144400303,03
1517,648.00,79023110210,11
1518,915.00,79430234442,06
1520,197.00,79240041140,03
1521,769.00,79312310412,06
1522,843.00,79033212332,03
1523,19.00,79200222102,03
1524,828.00,79430434133,06
1525,315.00,79002322210,06
1526,930.00,79304423032,06
1527,6.00,79003402134,06
1528,33.00,79422244332,06
1529,105.00,79032114231,03
1530,213.00,79303301212,11
1531,240.00,79303302401,06
1532,605.00,79214240440,11
1533,184.00,79303141421,03
1534,930.00,79224003313,11
1535,907.00,79423014043,06
1536,535.00,79313432304,06
1537,96.00,79102013432,06
1538,32.00,79032001013,06
1539,209.00,79044312030,06
1541,127.00,79221311110,03
1542,778.00,79324324411,06
1543,58.00,79211414420,03
1544,653.00,79404443122,11
1545,801.00,79142304223,03
1546,872.00,79424023020,06
1547,596.00,79213411202,06
1548,68.00,79240044403,11
1549,240.00,79134213224,06
1550,974.00,79331203030,03
1552,510.00,79431100104,03
1553,763.00,79002042220,06
1554,978.00,79324432214,03
1555,524.00,79240233112,06
1556,625.00,79311040102,11
1557,811.00,79132233032,06
1558,734.00,79410301112,06
1559,516.00,79102040330,06
1560,878.00,79144314020,06
1561,348.00,79323013032,06
1562,609.00,79040211211,06
1563,554.00,79013441134,06
1564,603.00,79303414013,03
1565,786.00,79300314114,03
1566,593.00,79443040103,11
1567,494.00,79022034431,06
1568,30.00,79001440322,06
1569,400.00,79120113132,06
1570,646.00,79221203221,06
1571,389.00,79000403440,06
1573,792.00,79333333421,06
1575,40.00,79430103321,06
1576,868.00,79224234123,06
1577,995.00,79121001030,11
1578,320.00,79133321204,06
1579,895.00,79103344030,11
1580,122.00,79123123342,03
1581,180.00,79233123234,06
1583,519.00,79004020110,03
1584,26.00,79342000424,11
1585,721.00,79333122034,03
1586,279.00,79434413422,03
1587,332.00,79032300033,06
1588,831.00,79032004403,06
1589,693.00,79104221424,06
1591,572.00,79132142142,06
1592,430.00,79334102430,03
1593,479.00,79034204341,06
1594,615.00,79142112302,03
1595,779.00,79003432420,06
1596,489.00,79403212100,03
1597,531.00,79020000130,06
1598,728.00,79431440334,06
1599,34.00,79102033002,03
1600,217.00,79304400433,03
1601,312.00,79104331143,06
1602,61.00,79043340321,06
1603,34.00,79413033430,06
1604,797.00,79314231313,03
1605,65.00,79102011133,03
1606,978.00,79303011312,06
1607,186.00,79142023400,03
1608,139.00,79031324001,06
1609,314.00,79134032132,03
1610,609.00,79413142044,06
1611,608.00,79201432244,11
1612,713.00,79302101200,03
1613,746.00,79023431441,06
1614,712.00,79033221233,06
1615,895.00,79144441402,06
1616,585.00,79333324402,06
1617,263.00,79321223014,03
1618,205.00,79103412434,03
1620,904.00,79040144441,06
1621,792.00,79030113100,03
1622,405.00,79442202021,11
1623,888.00,79434044424,06
1624,901.00,79303130432,06
1625,740.00,79020332023,06
1626,368.00,79120420203,03
1627,749.00,79211234323,06
1628,170.00,79200314340,06
1629,222.00,79200001412,06
1630,45.00,79413433142,06
1631,15.00,79241412330,03
1632,266.00,79322202220,06
1572,57.00,79422303323,11
1619,117.00,79443402413,06
1633,22.00,79330342122,06
1634,947.00,79243403244,06
1635,526.00,79133132412,11
1636,694.00,79000134224,11
1637,230.00,79304102134,06
1638,345.00,79334411331,06
1640,125.00,79344223120,06
1641,695.00,79443440320,03
1642,422.00,79444124044,06
1643,737.00,79023210012,06
1644,53.00,79113424322,06
1645,951.00,79200113224,06
1646,640.00,79130141022,06
1647,559.00,79104303120,03
1648,318.00,79043403302,06
1649,954.00,79411142140,03
1650,796.00,79241111101,06
1651,801.00,79204221324,06
1652,919.00,79144303021,03
1653,684.00,79342322322,06
1654,615.00,79000342320,06
1655,905.00,79104000224,03
1656,458.00,79331313124,06
1657,571.00,79010432413,03
1658,549.00,79203233113,06
1659,49.00,79041340221,06
1660,463.00,79244311131,11
1661,730.00,79000203411,03
1662,316.00,79322122040,03
1663,788.00,79334032343,06
1664,242.00,79141430404,06
1665,189.00,79441011401,06
1666,77.00,79310003233,06
1667,934.00,79340123030,06
1668,101.00,79010303244,06
1669,867.00,79200333021,06
1670,197.00,79300423204,03
1672,127.00,79421231112,03
1673,213.00,79332303303,06
1674,898.00,79002341342,06
1675,192.00,79110240340,03
1676,351.00,79141113104,03
1677,66.00,79022300123,06
1678,775.00,79223433341,06
1679,72.00,79312040112,03
1680,-6.00,79222231444,03
1681,119.00,79302040444,06
1682,294.00,79420411102,06
1683,278.00,79241134424,06
1684,659.00,79223441111,03
1685,153.00,79010044202,03
1686,425.00,79433104422,06
1687,508.00,79113341423,06
1688,241.00,79201441440,03
1689,251.00,79022101133,03
1690,959.00,79204401042,03
1691,84.00,79401024141,03
1692,236.00,79144432042,11
1693,197.00,79032002222,03
1694,100.00,79244032414,03
1695,313.00,79022441302,06
1696,563.00,79212300042,11
1697,900.00,79041141102,06
1698,958.00,79120200101,06
1700,566.00,79420412132,03
1701,418.00,79420320044,06
1702,608.00,79302400042,06
1703,215.00,79423010410,03
1704,848.00,79413341131,06
1705,116.00,79010430313,03
1706,853.00,79120103102,03
1707,743.00,79201304320,03
1708,308.00,79430312232,03
1710,503.00,79223213302,06
1711,167.00,79231303102,11
1712,502.00,79320104213,11
1713,992.00,79110130001,06
1714,447.00,79204010200,11
1716,854.00,79034441302,03
1717,429.00,79123411132,03
1718,492.00,79013413334,03
1719,172.00,79101421210,03
1720,413.00,79142430040,06
1721,705.00,79330324013,06
1722,861.00,79403104422,03
1723,34.00,79303424314,06
1724,104.00,79121011443,06
1725,546.00,79004322010,06
1726,360.00,79013012001,03
1727,205.00,79314422203,06
1728,482.00,79014313333,06
1729,637.00,79221031024,11
1731,992.00,79130021144,06
1732,603.00,79443110143,06
1733,521.00,79020341443,03
1734,570.00,79024233232,06
1735,466.00,79441314413,06
1736,668.00,79411042043,06
1737,987.00,79122244202,06
1738,518.00,79302444104,06
1739,261.00,79300222442,06
1740,307.00,79232324233,06
1741,408.00,79033310413,06
1742,327.00,79411413143,06
1743,484.00,79110000330,06
1744,337.00,79332431034,06
1745,959.00,79023101443,11
1746,433.00,79234424024,03
1747,213.00,79430330222,06
1748,438.00,79212241223,06
1749,654.00,79233443302,06
1750,577.00,79230003242,11
1751,143.00,79430230334,06
1753,-10.00,79233240224,06
1754,707.00,79020000310,06
1755,24.00,79004122400,11
1756,691.00,79222210444,06
1757,138.00,79133414303,06
1758,657.00,79014041042,06
1759,234.00,79223013120,03
1760,501.00,79243122041,06
1761,190.00,79002332310,11
1762,876.00,79404332222,06
1763,431.00,79421343020,06
1764,322.00,79020321431,03
1765,139.00,79310120031,06
1766,739.00,79301043131,06
1767,591.00,79304113331,03
1768,729.00,79030433422,06
1769,399.00,79130444344,06
1770,894.00,79200330423,06
1771,889.00,79414414433,11
1772,903.00,79011202022,06
1773,411.00,79324434330,06
1774,93.00,79331414040,03
1775,147.00,79102001301,06
1776,891.00,79443124203,06
1777,526.00,79444242140,06
1778,228.00,79120121114,06
1779,553.00,79224313223,06
1780,896.00,79242330403,03
1781,551.00,79400234443,06
1782,539.00,79413212130,06
1783,799.00,79002032204,03
1784,448.00,79322342121,03
1785,381.00,79014102411,06
1786,407.00,79121332103,03
1787,256.00,79211023040,06
1788,854.00,79440103030,06
1789,938.00,79420343404,06
1790,571.00,79334332142,03
1791,207.00,79431230112,11
1792,458.00,79143342433,06
1793,737.00,79023230340,06
1794,306.00,79011012440,06
1795,46.00,79300430323,11
1796,842.00,79431131101,11
1797,859.00,79401122412,06
1798,647.00,79444324411,11
1799,383.00,79021302002,03
1800,148.00,79034340433,03
1801,27.00,79331431030,06
1802,676.00,79402411140,06
1803,962.00,79203301313,11
1804,81.00,79103243233,11
1805,440.00,79430010333,03
1806,431.00,79121412000,11
1807,570.00,79341430442,06
1808,315.00,79332143443,11
1809,51.00,79014301240,03
1811,727.00,79202310014,06
1812,792.00,79132430101,03
1813,619.00,79012301302,06
1814,424.00,79413010444,06
1815,138.00,79222214411,03
1816,364.00,79423141413,03
1817,579.00,79122314042,06
1818,476.00,79133123012,06
1819,613.00,79330211440,06
1820,531.00,79301213321,06
1821,545.00,79013411044,03
1822,40.00,79214023411,06
1823,644.00,79333430340,06
1824,722.00,79114102103,06
1825,871.00,79231120214,06
1826,29.00,79104010243,11
1827,471.00,79213002044,06
1828,807.00,79433143111,06
1829,409.00,79022114342,11
1830,389.00,79203034220,03
1831,380.00,79430313034,03
1832,836.00,79213232024,03
1833,209.00,79033124341,06
1834,983.00,79332202330,11
1835,327.00,79043224301,03
1836,677.00,79032031100,06
1837,665.00,79034103240,03
1838,982.00,79222303241,06
1839,533.00,79122134101,06
1840,25.00,79033444241,06
1841,30.00,79210411414,06
1842,30.00,79123332010,06
1843,25.00,79012440231,11
1844,834.00,79041241102,06
1845,205.00,79012403332,03
1846,756.00,79214210211,03
1847,20.00,79014204121,06
1848,726.00,79413203323,03
1849,287.00,79440414443,06
1850,99.00,79130422000,06
1851,654.00,79023212034,06
1852,88.00,79321301341,06
1853,622.00,79010210042,03
1854,932.00,79330140341,11
1855,630.00,79111441043,06
1856,85.00,79121120024,06
1857,338.00,79440333432,03
1858,703.00,79412110013,06
1859,503.00,79342330433,06
1860,144.00,79341320024,03
1861,538.00,79114022300,11
1862,2.00,79231444344,06
1863,514.00,79414131421,11
1864,714.00,79331210431,06
1865,894.00,79442333240,06
1866,837.00,79024023311,03
1867,394.00,79412300333,03
1868,239.00,79300432243,03
1869,476.00,79242310140,06
1870,228.00,79442024223,03
1871,121.00,79433122242,06
1872,612.00,79330023302,06
1873,65.00,79144343144,06
1874,784.00,79024142001,06
1875,175.00,79022301112,03
1876,289.00,79113432203,06
1878,423.00,79414044022,03
1879,898.00,79112144230,06
1880,67.00,79230440203,06
1881,636.00,79321301023,06
1882,277.00,79414004003,03
1883,534.00,79041323210,03
1884,837.00,79400424022,03
1885,35.00,79103224023,03
1886,585.00,79430420401,03
1887,892.00,79404220342,06
1888,647.00,79024421103,06
1889,886.00,79023434340,06
1891,611.00,79202212242,06
1892,64.00,79111312040,11
1893,415.00,79302244200,11
1894,488.00,79241234032,03
1895,874.00,79424012331,03
1896,984.00,79010202032,03
1897,810.00,79102204421,06
1898,143.00,79343301102,11
1899,308.00,79403302112,06
1900,810.00,79331120041,11
1901,996.00,79110313300,06
1902,735.00,79124442222,06
1903,173.00,79333400011,03
1904,569.00,79314104213,06
1905,257.00,79001211022,06
1906,194.00,79304101414,03
1907,45.00,79000234404,06
1908,906.00,79210240334,06
1909,695.00,79141212142,11
1910,142.00,79413030000,03
1911,466.00,79021024301,03
1912,946.00,79043322311,06
1913,267.00,79424013213,06
1914,45.00,79324112004,06
1915,738.00,79403012013,06
1916,298.00,79013043233,06
1917,370.00,79204303013,06
1918,949.00,79004000024,03
1919,14.00,79432323143,06
1920,534.00,79231422440,03
1921,530.00,79023343344,06
1922,86.00,79134232323,06
1923,869.00,79411022341,06
1924,335.00,79132332433,06
1925,558.00,79042240042,06
1926,657.00,79204131040,11
1927,110.00,79222113101,03
1928,634.00,79433332033,03
1929,169.00,79233332334,03
1930,337.00,79011203313,03
1931,325.00,79131333102,06
1932,282.00,79313304122,11
1933,118.00,79244020234,06
1934,31.00,79330233114,11
1935,961.00,79141032031,03
1936,386.00,79010304004,06
1937,876.00,79300210441,06
1938,814.00,79120131243,06
1939,17.00,79444043034,06
1940,27.00,79123434224,06
1941,258.00,79142000312,06
1942,541.00,79121103211,11
1943,803.00,79123441420,06
1944,433.00,79222443031,06
1945,613.00,79332243203,06
1946,863.00,79043432243,06
1947,727.00,79242023241,06
1948,861.00,79132304403,06
1949,360.00,79001304123,06
1950,873.00,79022130011,06
1951,462.00,79411203434,11
1952,288.00,79110410421,03
1953,378.00,79310433344,03
1954,722.00,79010344440,06
1955,910.00,79201114143,06
1956,645.00,79202131330,06
1957,729.00,79122411400,06
1958,884.00,79214411242,03
1959,690.00,79411341300,11
1960,522.00,79213101203,11
1961,264.00,79301230232,06
1962,518.00,79301011140,03
1963,33.00,79031140120,03
1964,132.00,79000400002,06
1965,284.00,79030333241,06
1966,382.00,79140131341,03
1967,169.00,79443221210,06
1968,434.00,79322430112,06
1969,838.00,79201222411,03
1970,26.00,79302332412,11
1971,580.00,79432034300,06
1972,431.00,79300101333,06
1973,287.00,79003321321,06
1974,489.00,79333144113,06
1975,397.00,79224000130,03
1977,447.00,79320124240,03
1978,870.00,79112212044,11
1979,590.00,79002000142,06
1980,743.00,79100433112,03
1981,883.00,79043442244,03
1982,407.00,79410203121,06
1983,517.00,79322340000,03
1984,405.00,79242223420,06
1986,608.00,79433312314,06
1987,543.00,79242213004,03
1988,766.00,79130124113,06
1989,228.00,79022003230,06
1990,586.00,79404222420,11
1991,883.00,79443014244,03
1992,113.00,79341432414,06
1993,553.00,79320132122,06
1994,209.00,79432104110,06
1995,741.00,79141101120,06
1996,864.00,79441304422,06
1997,941.00,79311303003,06
1998,15.00,79212001330,06
1999,206.00,79414041223,06
2000,905.00,79203004243,06
2001,898.00,79113132143,06
2002,981.00,79031142002,06
2003,443.00,79244431334,06
2004,149.00,79330023323,11
2005,965.00,79303104200,06
2006,375.00,79321310410,11
2007,994.00,79023210321,03
2008,561.00,79202143032,03
2009,850.00,79232034404,06
2010,836.00,79400214241,06
2011,42.00,79244343140,03
2012,665.00,79421112211,06
2013,56.00,79202334113,06
2014,79.00,79032314242,06
2015,28.00,79124043400,06
2016,357.00,79003134211,03
2017,327.00,79021213242,06
2018,488.00,79412224134,06
2019,982.00,79322020342,03
2020,376.00,79104313210,03
2021,942.00,79112410323,06
2022,106.00,79321011224,06
2023,5.00,79221042312,11
2024,390.00,79200334103,06
2025,-6.00,79000141042,06
2026,871.00,79442400211,03
2027,570.00,79143320041,11
2028,158.00,79144140314,03
2029,151.00,79230033344,11
2030,266.00,79003100031,11
2031,184.00,79211313130,06
2032,407.00,79021211221,06
2033,520.00,79021201424,06
2034,263.00,79440004440,06
2035,359.00,79402043300,03
2036,663.00,79431100312,06
2037,40.00,79114141320,06
2038,462.00,79304004210,03
2039,863.00,79042411040,03
2040,79.00,79014134011,06
2041,223.00,79243424443,03
2042,19.00,79324402404,06
2043,573.00,79314344332,03
2044,311.00,79120222021,06
2045,962.00,79124414221,06
2047,179.00,79003001112,11
2048,247.00,79231401013,06
2049,387.00,79100012241,06
2050,263.00,79104422110,03
2051,70.00,79410110024,06
2052,181.00,79214312430,06
2053,512.00,79413233104,03
2054,624.00,79223121434,03
2055,892.00,79204134222,06
2056,207.00,79200010203,03
2057,818.00,79414241422,06
2059,207.00,79433233113,06
2060,656.00,79011210112,03
2061,529.00,79142433002,03
2062,437.00,79231210204,06
2063,761.00,79310312114,06
2064,649.00,79411434431,06
2065,459.00,79044241312,03
2066,405.00,79233120004,03
2067,38.00,79401230442,03
2069,860.00,79343001221,06
2070,308.00,79143403010,11
2071,389.00,79404241302,06
2072,577.00,79103210420,06
2073,644.00,79044123324,11
2074,718.00,79132310404,11
2075,78.00,79411223214,06
2076,98.00,79131233414,06
2077,355.00,79404203043,06
2078,374.00,79202032031,03
2079,544.00,79244130020,03
2080,286.00,79110224213,03
2081,668.00,79103040111,06
2082,183.00,79011122244,11
2083,272.00,79114030324,03
2084,927.00,79104130133,06
2085,645.00,79220102402,06
2086,646.00,79214241131,06
2087,19.00,79004132013,06
2088,360.00,79111422212,03
2089,325.00,79343002213,06
2090,16.00,79321132140,06
2091,276.00,79233443244,06
2092,86.00,79101213342,06
2094,455.00,79121341401,03
2095,956.00,79120140413,06
2096,142.00,79233003214,06
2097,374.00,79240342210,06
2098,63.00,79134133032,03
2099,947.00,79344422043,03
2100,284.00,79422401443,03
2101,989.00,79211414433,03
2102,890.00,79313314243,06
2103,792.00,79013400201,06
2104,571.00,79114200102,03
2105,718.00,79120411432,06
2106,161.00,79244333130,03
2107,151.00,79340411344,11
2108,310.00,79041122224,06
2109,768.00,79243421301,03
2110,820.00,79020330143,03
2111,334.00,79313031022,11
2112,734.00,79420002333,03
2113,28.00,79232042431,11
2114,333.00,79144224304,06
2115,862.00,79343114120,06
2116,407.00,79212323200,06
2117,597.00,79323001433,06
2118,348.00,79012113012,06
2119,159.00,79341123122,11
2120,996.00,79001411233,03
2121,362.00,79300310442,06
2122,87.00,79341334303,06
2123,548.00,79020011303,11
2124,913.00,79111201100,06
2125,246.00,79241234134,06
2126,846.00,79404104022,11
2127,741.00,79023240110,06
2128,-5.00,79340400143,06
2130,949.00,79034142324,06
2131,991.00,79224043110,11
2132,974.00,79310011113,06
2133,375.00,79123031103,06
2134,830.00,79441102300,06
2135,963.00,79203333143,11
2136,210.00,79441401312,11
2137,206.00,79111141440,06
2138,878.00,79432241211,03
2139,348.00,79224444010,03
2140,590.00,79231113043,06
2141,581.00,79401030332,06
2142,240.00,79421022332,06
2143,322.00,79144210400,06
2144,591.00,79424232434,03
2145,679.00,79240020413,03
2146,681.00,79024421210,03
2147,895.00,79111411320,03
2148,917.00,79200124401,06
2149,422.00,79030021313,03
2150,882.00,79340142331,11
2151,497.00,79134121241,03
2152,255.00,79111412012,06
2153,997.00,79433030221,03
2154,782.00,79122212020,11
2155,540.00,79302203122,06
2156,229.00,79241403221,06
2157,979.00,79022004431,06
2158,407.00,79021002202,03
2159,42.00,79301004133,03
2160,741.00,79034413311,06
2161,390.00,79420142313,11
2162,458.00,79223231134,11
2163,959.00,79444022023,06
2164,269.00,79000403043,06
2165,291.00,79141204114,06
2166,166.00,79234301312,03
2167,71.00,79312032333,06
2168,587.00,79123004413,11
2169,728.00,79044413440,03
2170,445.00,79012100022,11
2171,587.00,79113040124,11
2172,472.00,79020010031,06
2174,758.00,79031344222,11
2175,118.00,79432303133,03
2176,461.00,79144122110,06
2068,287.00,79310242243,06
2173,512.00,79432232402,06
2177,472.00,79033420021,11
2178,637.00,79312102123,06
2179,493.00,79042300201,06
2180,336.00,79344142314,06
2181,527.00,79401404144,06
2182,405.00,79132011211,06
2183,621.00,79112403310,06
2184,831.00,79340012010,06
2185,230.00,79102202344,06
2186,726.00,79424212332,03
2188,45.00,79243314122,11
2189,712.00,79210030224,06
2190,654.00,79013330020,06
2191,384.00,79033213043,06
2192,787.00,79421043404,03
2193,702.00,79143342123,03
2194,697.00,79034101341,11
2195,746.00,79430214033,06
2196,476.00,79200334411,06
2197,186.00,79043020340,03
2198,601.00,79443104412,03
2199,751.00,79310320020,06
2200,390.00,79113021212,06
2202,463.00,79321133412,06
2203,575.00,79302040203,06
2204,867.00,79211033000,06
2205,770.00,79432121114,06
2206,739.00,79304043342,11
2207,833.00,79233220210,06
2208,414.00,79343414412,11
2209,267.00,79312332300,03
2210,13.00,79103320410,06
2211,964.00,79342410414,06
2213,592.00,79241000340,03
2214,500.00,79003130342,11
2215,244.00,79024413324,03
2216,273.00,79300332443,06
2217,423.00,79304304333,03
2218,720.00,79442021314,03
2219,834.00,79013330121,06
2220,487.00,79111302002,06
2221,211.00,79321202100,06
2222,693.00,79100111240,11
2223,780.00,79303322023,03
2224,395.00,79340440434,06
2225,79.00,79023222422,03
2226,162.00,79130401431,11
2227,471.00,79320011441,06
2228,592.00,79124034104,06
2229,638.00,79014301134,11
2230,273.00,79432042321,11
2231,246.00,79123030322,06
2232,746.00,79301414444,06
2233,-8.00,79214143203,03
2234,-9.00,79143104343,06
2235,403.00,79123432433,03
2236,167.00,79313444132,06
2237,223.00,79341413343,06
2238,301.00,79142202433,03
2239,929.00,79214020134,11
2240,904.00,79113412101,06
2241,481.00,79030440324,03
2242,96.00,79303402131,06
2243,370.00,79212423101,11
2244,902.00,79234131242,06
2245,269.00,79414131021,03
2246,796.00,79321401013,06
2247,499.00,79221423100,06
2248,486.00,79032301412,06
2249,411.00,79101003411,06
2250,508.00,79244014422,03
2251,567.00,79122430423,06
2252,481.00,79300210401,03
2253,824.00,79141024420,06
2254,459.00,79002031343,11
2255,350.00,79403133330,03
2256,-3.00,79103404120,03
2257,202.00,79340133201,06
2258,277.00,79031003410,06
2259,557.00,79031404103,06
2260,897.00,79014442144,11
2261,977.00,79122343441,03
2262,984.00,79203130011,06
2263,834.00,79033020101,06
2264,443.00,79212044303,06
2265,782.00,79041010103,11
2266,468.00,79321131234,06
2268,678.00,79011401140,06
2269,713.00,79121413324,06
2270,115.00,79430101133,11
2271,480.00,79234023314,11
2272,78.00,79004302434,06
2273,9.00,79300031140,03
2274,396.00,79301021423,03
2275,978.00,79443023111,06
2276,966.00,79400240101,06
2277,824.00,79420132230,03
2278,583.00,79041031212,06
2279,705.00,79343333412,11
2280,737.00,79142332422,06
2281,217.00,79103420203,06
2282,73.00,79034142303,06
2283,994.00,79204400040,06
2284,275.00,79341421144,06
2285,340.00,79124133313,06
2286,15.00,79343001111,11
2287,917.00,79411314430,11
2288,429.00,79324313244,11
2289,48.00,79201134032,06
2290,41.00,79024322441,06
2291,227.00,79243241304,03
2292,875.00,79143303301,06
2293,464.00,79402240414,03
2294,910.00,79443230343,06
2295,476.00,79323423332,11
2296,727.00,79033023233,06
2297,215.00,79141003413,03
2298,601.00,79011322342,06
2299,731.00,79024344400,06
2300,154.00,79431431334,06
2301,808.00,79101213004,06
2302,539.00,79420331331,03
2304,196.00,79240000110,06
2305,842.00,79224412414,06
2306,272.00,79014342143,03
2307,416.00,79223430441,06
2308,925.00,79143040031,03
2309,897.00,79214042341,11
2310,79.00,79034313101,11
2311,602.00,79443121220,03
2312,359.00,79233132311,06
2313,491.00,79213431200,03
2314,861.00,79220043241,06
2315,403.00,79431202411,03
2316,663.00,79042234333,06
2317,347.00,79040030031,03
2318,388.00,79334244412,11
2319,371.00,79020403201,06
2320,519.00,79043003010,06
2321,405.00,79210234314,03
2322,422.00,79303413103,11
2323,512.00,79312412202,06
2324,884.00,79310321442,06
2325,689.00,79310440343,06
2326,198.00,79014103123,06
2327,867.00,79023304311,06
2328,648.00,79422443240,03
2329,590.00,79032130100,06
2330,645.00,79340212013,11
2331,639.00,79244203011,03
2332,790.00,79100241202,06
2333,920.00,79141244202,03
2334,498.00,79212134243,06
2335,607.00,79111303444,11
2336,450.00,79422411321,06
2337,444.00,79220332041,03
2338,96.00,79114342412,03
2339,184.00,79140120413,06
2340,587.00,79304220444,06
2341,45.00,79413214241,06
2342,343.00,79001014221,06
2343,790.00,79034012020,03
2344,461.00,79001004044,06
2345,34.00,79221342400,06
2346,180.00,79444201022,11
2347,443.00,79431011020,06
2348,901.00,79411100023,06
2349,121.00,79014223402,03
2350,952.00,79442210303,11
2351,673.00,79240341242,06
2352,82.00,79311143202,06
2353,601.00,79124303132,06
2354,483.00,79111441112,11
2355,122.00,79300422302,06
2356,450.00,79014002320,06
2357,541.00,79432313124,06
2358,205.00,79312431443,06
2359,337.00,79014000002,06
2360,809.00,79131241444,06
2362,242.00,79234031034,03
2363,894.00,79321442444,03
2364,381.00,79402110022,06
2365,229.00,79303133220,03
2366,682.00,79134300010,06
2367,836.00,79134024120,06
2368,702.00,79100434434,03
2369,557.00,79000234304,03
2370,288.00,79312402131,06
2371,935.00,79010132032,03
2372,94.00,79401422004,11
2373,356.00,79313324112,06
2374,470.00,79103240013,06
2375,709.00,79024300112,06
2376,267.00,79132032012,03
2377,865.00,79432004331,03
2378,700.00,79434243320,03
2379,790.00,79121420244,11
2380,347.00,79331434033,03
2381,980.00,79000012303,06
2382,75.00,79133014342,06
2383,214.00,79303243400,03
2384,744.00,79411404341,03
2385,309.00,79220214410,11
2386,696.00,79430310031,06
2387,970.00,79211123040,03
2388,662.00,79343244302,03
2389,907.00,79110313022,06
2390,821.00,79032344431,06
2391,476.00,79102304010,06
2392,551.00,79401033402,11
2393,993.00,79334231123,03
2394,807.00,79412001441,03
2395,138.00,79304434313,11
2396,489.00,79132212441,06
2397,210.00,79100233002,11
2398,463.00,79042140220,06
2399,166.00,79224041314,03
2400,724.00,79304134340,06
2401,542.00,79202322314,06
2402,567.00,79143231011,06
2403,778.00,79213101232,11
2404,820.00,79342042203,03
2405,328.00,79143041024,03
2406,45.00,79141042033,06
2407,637.00,79122201342,06
2408,201.00,79241212020,03
2409,458.00,79110104202,06
2410,533.00,79111031210,11
2411,328.00,79410410132,03
2412,980.00,79330143333,03
2413,260.00,79312044132,11
2414,273.00,79421010220,06
2415,233.00,79221210342,06
2416,195.00,79300133341,03
2417,61.00,79340411001,06
2418,778.00,79414342442,03
2419,805.00,79020401040,06
2420,320.00,79404303310,03
2421,831.00,79024021141,03
2422,252.00,79020044120,06
2423,275.00,79424343220,06
2424,425.00,79231140420,03
2425,991.00,79134001340,06
2426,30.00,79120304112,06
2427,188.00,79213313304,03
2428,623.00,79331200324,06
2429,42.00,79340304203,03
2430,745.00,79234413004,03
2431,892.00,79014203222,03
2432,558.00,79301411232,06
2433,805.00,79302004001,06
2434,22.00,79212130321,03
2435,310.00,79334314403,03
2436,949.00,79404234113,06
2437,966.00,79030313204,06
2438,858.00,79001232033,06
2439,402.00,79343400221,06
2441,160.00,79042343224,11
2442,467.00,79434442413,06
2443,294.00,79120010441,03
2444,-6.00,79320412023,03
2445,224.00,79241020104,06
2446,957.00,79001200110,03
2447,973.00,79201333012,11
2448,503.00,79402204112,03
2449,638.00,79300100042,06
2450,942.00,79111234331,03
2451,563.00,79323423310,06
2452,609.00,79444112133,11
2453,924.00,79433342314,03
2454,231.00,79333031003,03
2455,39.00,79332440321,06
2456,457.00,79211402010,03
2457,975.00,79333420202,06
2458,632.00,79333302242,03
2459,124.00,79241130040,06
2460,333.00,79201103323,03
2461,166.00,79122014214,06
2462,547.00,79410334211,03
2463,63.00,79020243144,06
2464,786.00,79141340044,06
2465,35.00,79333334343,06
2466,975.00,79311122433,06
2467,915.00,79330120010,11
2468,480.00,79402202130,06
2469,715.00,79141202311,06
2470,63.00,79203221413,06
2471,600.00,79234330333,06
2472,349.00,79222204142,11
2473,399.00,79110443212,03
2474,604.00,79221201211,11
2475,50.00,79011414000,03
2476,72.00,79404320300,06
2477,303.00,79131032414,06
2478,417.00,79111122232,06
2479,585.00,79240043444,11
2480,849.00,79122024042,06
2481,666.00,79444413303,03
2482,856.00,79103330034,06
2484,448.00,79400014102,06
2485,501.00,79443014003,06
2486,890.00,79233430433,03
2487,433.00,79312201402,11
2489,817.00,79442310310,03
2490,871.00,79210344334,06
2491,212.00,79344101321,03
2492,969.00,79043332214,06
2493,835.00,79014113200,06
2494,561.00,79024312413,11
2495,273.00,79012021143,06
2497,418.00,79201112111,06
2498,171.00,79221113343,03
2499,458.00,79224110142,06
2500,198.00,79023134100,06
2501,133.00,79032312221,03
2502,493.00,79044012310,06
2503,393.00,79402223341,06
2504,89.00,79013312022,06
2505,428.00,79413230340,06
2506,929.00,79213032242,03
2507,393.00,79240034342,06
2508,668.00,79232344124,06
2509,323.00,79012323233,06
2510,941.00,79432023124,06
2511,221.00,79434333321,03
2512,31.00,79033001402,11
2513,498.00,79204421423,06
2514,957.00,79443014301,03
2515,739.00,79224433233,06
2516,953.00,79203400021,06
2517,465.00,79421214430,03
2518,51.00,79344422344,03
2519,711.00,79043002423,06
2520,936.00,79322214010,03
2521,79.00,79431240440,06
2522,607.00,79003040210,06
2523,507.00,79023224324,06
2524,458.00,79334110132,03
2525,705.00,79144310302,03
2526,177.00,79000003334,06
2527,931.00,79104034343,11
2528,635.00,79223030221,11
2530,405.00,79201123431,06
2531,458.00,79321410343,03
2532,292.00,79321231333,03
2533,820.00,79202144133,11
2534,946.00,79003214131,03
2535,935.00,79441202221,06
2536,111.00,79111022021,11
2537,619.00,79132422231,06
2538,525.00,79324011133,06
2539,260.00,79433340233,11
2540,241.00,79440123433,03
2541,218.00,79112324421,03
2542,509.00,79441312122,06
2543,739.00,79310134101,03
2544,960.00,79424133302,06
2545,8.00,79031340142,03
2546,93.00,79104303143,06
2547,269.00,79412332200,03
2548,377.00,79021304430,11
2549,368.00,79204040414,03
2550,689.00,79304003101,03
2551,805.00,79300104221,06
2552,395.00,79400433313,03
2553,663.00,79023204412,06
2554,916.00,79300134422,03
2555,401.00,79231212010,06
2556,231.00,79110223411,06
2557,370.00,79030342011,06
2558,-7.00,79310312034,03
2559,468.00,79441103434,03
2560,899.00,79202130043,06
2561,732.00,79430320441,06
2562,507.00,79133011431,06
2563,480.00,79342420432,06
2564,105.00,79440100201,03
2565,554.00,79124210030,03
2566,579.00,79001100242,03
2567,435.00,79010000034,06
2568,583.00,79004224044,06
2569,208.00,79024114342,06
2570,870.00,79344313004,03
2571,576.00,79100142440,11
2572,864.00,79434323133,06
2573,51.00,79241140424,03
2574,544.00,79233140122,06
2575,505.00,79411242223,06
2576,66.00,79243100343,06
2577,47.00,79011043444,03
2578,203.00,79433240211,06
2579,644.00,79032432020,06
2580,379.00,79410041042,03
2581,931.00,79410022130,06
2582,646.00,79444003433,06
2583,168.00,79102234424,06
2584,376.00,79440220424,06
2483,120.50,79132444301,03
2585,505.00,79034104020,06
2586,18.00,79031122210,06
2587,751.00,79001241023,06
2588,213.00,79134013013,03
2589,688.00,79024133143,06
2590,195.00,79244434313,06
2591,573.00,79032342314,11
2592,350.00,79002203030,06
2593,378.00,79203412424,06
2594,768.00,79021142402,03
2595,900.00,79413110212,06
2596,598.00,79011441403,11
2597,874.00,79340143202,03
2598,663.00,79302224342,06
2599,831.00,79010400232,06
2600,849.00,79143041214,03
2601,420.00,79323101013,11
2602,72.00,79320304342,11
2603,718.00,79022132333,06
2604,464.00,79443104303,06
2605,928.00,79413233140,06
2606,483.00,79131330222,03
2607,836.00,79302044101,03
2608,365.00,79130021030,11
2609,972.00,79221444134,03
2610,920.00,79303200102,06
2611,684.00,79432221303,03
2612,369.00,79043030303,06
2613,616.00,79320234324,03
2614,528.00,79202421221,11
2615,857.00,79424111330,06
2616,2.00,79024001114,11
2617,306.00,79000140023,06
2618,401.00,79221242312,03
2619,79.00,79230342440,06
2620,426.00,79420202022,03
2621,48.00,79412002242,06
2622,340.00,79430211234,03
2623,942.00,79100033031,03
2624,488.00,79100022140,06
2625,750.00,79330122120,06
2626,109.00,79003331332,03
2627,868.00,79304301144,06
2628,886.00,79344004101,11
2629,424.00,79421212204,06
2630,503.00,79023302321,03
2631,615.00,79241440342,06
2632,165.00,79204331434,03
2633,7.00,79043144133,06
2634,-8.00,79213240040,03
2635,63.00,79022441034,11
2636,108.00,79310102111,06
2637,3.00,79010243021,06
2638,265.00,79104333440,06
2639,300.00,79211310200,06
2640,250.00,79210313123,06
2641,883.00,79400402134,03
2642,37.00,79121324000,03
2643,818.00,79122142303,06
2644,627.00,79233122001,03
2645,817.00,79212044333,03
2646,42.00,79130021440,06
2647,332.00,79344112203,06
2648,232.00,79230002032,06
2649,583.00,79441403332,06
2650,969.00,79010332011,06
2651,463.00,79302143041,03
2652,143.00,79232224124,06
2653,376.00,79012040343,03
2654,987.00,79141320104,11
2655,277.00,79141201024,03
2656,35.00,79414234420,03
2657,457.00,79344203024,11
2658,252.00,79213404420,03
2659,536.00,79132241013,06
2660,486.00,79101420044,06
2661,221.00,79223144012,06
2662,246.00,79114441314,06
2663,546.00,79403244423,03
2664,795.00,79420002421,11
2665,792.00,79402220413,06
2666,115.00,79444100100,06
2667,921.00,79200131320,11
2668,763.00,79113012023,11
2669,188.00,79143212424,06
2670,905.00,79113332010,06
2671,116.00,79300440133,06
2672,721.00,79302420133,03
2673,436.00,79321311441,03
2674,293.00,79140122323,06
2675,210.00,79414242043,06
2676,816.00,79413101323,03
2677,306.00,79320130000,06
2678,619.00,79133332012,03
2679,868.00,79413133324,06
2680,631.00,79304441330,03
2681,791.00,79014001421,06
2682,379.00,79322041300,06
2683,235.00,79123003202,06
2684,820.00,79423401221,06
2685,551.00,79124403040,03
2686,960.00,79323323030,06
2687,287.00,79130023441,06
2688,833.00,79012432341,03
2689,121.00,79142413144,03
2690,692.00,79113323232,06
2691,975.00,79323112334,06
2692,450.00,79032211033,06
2693,221.00,79341414344,03
2694,260.00,79343020103,03
2695,59.00,79100414011,03
2696,552.00,79444344212,11
2697,820.00,79332443404,06
2698,419.00,79410034344,11
2699,246.00,79201333112,06
2700,890.00,79400304023,11
2701,113.00,79144122040,06
2702,327.00,79020000030,03
2703,695.00,79004021022,06
2704,374.00,79103100222,03
2705,120.00,79220342121,06
2706,576.00,79204214404,06
2708,474.00,79030422324,11
2709,591.00,79302200240,06
2710,19.00,79230042143,06
2711,517.00,79410241343,06
2712,873.00,79414221434,06
2713,917.00,79001124420,11
2714,594.00,79402240424,06
2715,122.00,79334242323,06
2716,-9.00,79201124220,06
2717,323.00,79441422002,06
2718,303.00,79240212033,06
2719,207.00,79210223003,06
2720,758.00,79432121242,06
2721,835.00,79423430302,06
2722,350.00,79131011433,03
2723,264.00,79340421441,06
2724,643.00,79122344114,06
2725,454.00,79413332012,06
2726,982.00,79433444411,03
2727,956.00,79220440041,03
2728,357.00,79201442200,11
2729,903.00,79133133221,06
2730,204.00,79244241443,06
2731,538.00,79114143044,06
2732,588.00,79024401314,06
2733,559.00,79443322330,06
2734,445.00,79120140301,06
2736,732.00,79100421430,03
2737,359.00,79340244000,06
2738,577.00,79112104343,03
2739,605.00,79322032110,06
2740,502.00,79443140342,06
2741,173.00,79302321441,11
2742,281.00,79224314432,06
2743,979.00,79124013033,06
2744,243.00,79303032324,11
2746,974.00,79203444021,06
2747,671.00,79402420330,06
2748,374.00,79313040432,03
2749,578.00,79241211121,11
2750,672.00,79110101420,06
2751,770.00,79414042232,06
2752,974.00,79333111332,06
2753,407.00,79140201034,06
2754,440.00,79430431322,03
2755,692.00,79234110130,03
2756,406.00,79221232203,11
2757,729.00,79143400233,06
2758,27.00,79034241040,06
2759,141.00,79042043324,03
2760,113.00,79000132342,03
2761,891.00,79424130314,06
2762,274.00,79443434114,03
2763,740.00,79131330433,06
2764,869.00,79401234212,03
2765,786.00,79314041202,06
2766,570.00,79303333401,03
2767,483.00,79204413244,06
2769,703.00,79430102122,03
2770,616.00,79100012330,03
2772,472.00,79412242312,06
2773,132.00,79113240434,03
2774,764.00,79401003320,11
2775,896.00,79222213404,03
2776,420.00,79042224240,06
2778,849.00,79331323343,03
2779,993.00,79301242441,06
2780,439.00,79204003111,06
2781,165.00,79134114442,03
2782,5.00,79234033343,06
2783,301.00,79332442440,11
2784,744.00,79113011143,11
2785,538.00,79124044144,06
2786,813.00,79043314412,06
2787,933.00,79114011200,06
2788,598.00,79204124404,06
2790,321.00,79342400110,03
2791,326.00,79013404314,06
2792,160.00,79442123344,06
2793,411.00,79424124421,06
2794,729.00,79442104021,03
2795,467.00,79031042044,06
2796,712.00,79443100341,06
2797,845.00,79222243343,06
2798,803.00,79030041324,06
2799,772.00,79120412242,03
2800,711.00,79122110342,03
2801,888.00,79411300412,06
2802,395.00,79043121300,06
2803,252.00,79431321211,03
2804,518.00,79224030431,11
2805,99.00,79413213410,06
2806,844.00,79222330141,03
2807,224.00,79302441010,06
2808,943.00,79242320304,06
2809,765.00,79311204300,06
2810,595.00,79412412243,03
2811,947.00,79334112111,03
2812,786.00,79132011022,03
2813,73.00,79030143341,11
2814,349.00,79131211133,06
2815,464.00,79111404412,03
2816,86.00,79000033442,06
2817,843.00,79300341202,03
2818,487.00,79134312403,06
2819,180.00,79033410113,03
2820,964.00,79101014311,03
2821,380.00,79243121413,06
2822,288.00,79124034232,11
2823,838.00,79234114104,06
2824,548.00,79400210243,03
2825,110.00,79111401110,11
2826,849.00,79003333004,03
2827,729.00,79310010244,03
2828,1.00,79142114142,06
2829,295.00,79232334324,06
2830,951.00,79242330030,03
2831,350.00,79234014320,06
2832,967.00,79311432410,06
2833,530.00,79042331231,06
2834,355.00,79243312324,11
2835,935.00,79221101111,03
2836,852.00,79412303034,06
2837,723.00,79040411103,03
2838,446.00,79020024104,06
2839,25.00,79121204332,03
2840,977.00,79400234323,11
2841,508.00,79302213323,06
2842,746.00,79324333132,11
2843,260.00,79031204142,03
2844,765.00,79032120021,06
2845,751.00,79104002103,03
2846,222.00,79132203433,06
2847,793.00,79244033014,03
2848,341.00,79322122101,06
2849,383.00,79112411144,11
2850,-8.00,79003204041,06
2851,-5.00,79333341002,06
2852,748.00,79041122432,03
2853,923.00,79042301301,06
2854,242.00,79304001114,03
2855,275.00,79023022121,06
2856,128.00,79343034140,03
2735,161.00,79142300322,06
2771,739.00,79101444301,06
2745,643.00,79213412000,06
2857,564.00,79214243132,06
2858,209.00,79334113431,06
2859,940.00,79041003002,03
2860,591.00,79104030403,06
2862,51.00,79332403224,06
2864,936.00,79444043104,06
2865,68.00,79024111441,06
2866,904.00,79034234412,06
2867,526.00,79411220020,06
2868,513.00,79112400032,11
2869,195.00,79143421101,06
2870,717.00,79114014143,11
2871,854.00,79030102244,03
2872,875.00,79324342122,03
2873,693.00,79323410042,03
2874,443.00,79033414130,03
2875,609.00,79142122014,06
2876,21.00,79003212322,06
2877,735.00,79424120322,06
2878,464.00,79033201143,06
2879,991.00,79432212201,03
2880,888.00,79234220142,06
2881,25.00,79420222403,03
2882,509.00,79121323342,11
2883,353.00,79320330301,06
2884,419.00,79144101304,03
2885,34.00,79323203422,03
2886,662.00,79010234112,03
2887,31.00,79442130124,06
2888,495.00,79441343430,06
2889,680.00,79011041041,06
2890,140.00,79312231410,06
2891,399.00,79142330231,03
2892,919.00,79140324100,06
2893,78.00,79203013031,03
2894,602.00,79400131021,06
2895,512.00,79124140213,06
2896,651.00,79324134434,11
2897,204.00,79040422413,06
2898,540.00,79143401114,03
2899,688.00,79400114443,03
2900,266.00,79114212032,06
2901,911.00,79401434103,11
2902,238.00,79121334334,03
2903,872.00,79144342224,11
2904,257.00,79010331113,03
2905,803.00,79402332002,11
2906,281.00,79104342442,11
2907,147.00,79040314143,03
2908,40.00,79022442204,03
2909,793.00,79104213002,11
2910,600.00,79033344244,03
2911,-9.00,79413003244,03
2912,548.00,79332130033,06
2913,972.00,79414224020,03
2914,629.00,79322132221,06
2915,639.00,79232004231,06
2916,617.00,79042140141,06
2917,190.00,79022132122,06
2918,313.00,79141432313,06
2919,549.00,79400430010,03
2920,92.00,79120002344,06
2921,64.00,79240333140,03
2922,404.00,79430311301,06
2923,860.00,79041243104,06
2924,575.00,79010331112,06
2925,526.00,79140322000,06
2926,900.00,79421341204,06
2927,845.00,79442203013,06
2928,932.00,79044123342,06
2929,682.00,79104340200,06
2930,786.00,79014424123,03
2931,579.00,79340300104,11
2932,658.00,79021114210,06
2933,527.00,79103334131,06
2934,836.00,79222201310,06
2935,352.00,79204233412,03
2936,797.00,79134323322,11
2937,542.00,79303420302,03
2938,964.00,79200203421,06
2939,271.00,79001211044,06
2940,498.00,79110413431,06
2941,309.00,79230423401,03
2942,505.00,79240340034,06
2943,784.00,79433133302,11
2944,788.00,79300343033,03
2945,908.00,79202300320,06
2946,638.00,79111240233,06
2947,162.00,79001231202,03
2948,622.00,79041343132,06
2949,370.00,79330444213,06
2950,673.00,79443043423,03
2951,967.00,79420020114,06
2952,820.00,79334434342,06
2953,969.00,79040420023,06
2954,323.00,79433202130,03
2955,764.00,79430310431,06
2956,247.00,79231303311,06
2957,350.00,79134330434,06
2958,760.00,79210330234,11
2959,661.00,79441110414,06
2960,777.00,79404403021,06
2961,140.00,79104333030,06
2962,535.00,79000223123,03
2963,434.00,79131224141,06
2964,839.00,79431310222,03
2965,776.00,79344440210,06
2966,963.00,79320341311,06
2967,671.00,79012300334,03
2968,579.00,79343220234,11
2969,919.00,79302404230,06
2970,397.00,79431104203,11
2971,261.00,79134301421,06
2972,11.00,79334100043,06
2973,75.00,79332420221,03
2974,618.00,79001020402,03
2975,396.00,79012121114,06
2976,391.00,79212420312,06
2977,542.00,79443242220,06
2978,933.00,79224223333,06
2979,860.00,79341111323,06
2980,235.00,79203433331,03
2981,321.00,79210411034,11
2982,828.00,79110310433,06
2983,136.00,79013210001,11
2984,844.00,79001014103,06
2985,642.00,79120123020,11
2986,757.00,79404124330,06
2988,799.00,79300331201,11
2989,795.00,79140144131,06
2990,-8.00,79024221414,06
2991,484.00,79431023431,06
2992,797.00,79022130444,06
2861,-49.00,79213303032,06
2993,106.00,79112031020,11
2994,356.00,79042301304,11
2995,62.00,79131030412,03
2996,155.00,79021301244,06
2997,161.00,79422310423,06
2998,459.00,79303244221,03
2999,676.00,79440444340,03
3000,28.00,79234230403,06
2707,535.00,79321300140,06
848,-178.50,79104303432,03
1976,-52.00,79112121121,03
1671,548.00,79012341430,06
2093,-145.00,79040012033,11
2777,555.00,79031040400,06
1462,863.00,79104022022,06
2987,367.00,79132401010,06
267,794.00,79241331013,06
1329,491.00,79322222441,06
1103,-172.50,79411430140,03
2789,293.00,79321103032,06
352,685.00,79333013242,06
1000,-161.50,79034241323,11
1574,-155.00,79030130312,06
1435,9.00,79211404222,06
1097,-87.50,79042212232,11
2440,-24.00,79042214112,06
1877,-34.00,79412422122,03
843,187.00,79121432414,06
577,-220.00,79034402441,03
1590,-156.00,79012040002,06
2303,-29.00,79333042432,11
2058,-40.00,79300421211,06
